"date","max(difficulty)"
"2015-07-30",338279223318
"2015-07-31",826014998518
"2015-08-01",963696971291
"2015-08-02",1105243139304
"2015-08-03",1168934353395
"2015-08-04",1302570907281
"2015-08-05",1378532193159
"2015-08-06",1459141900399
"2015-08-07",1533433119808
"2015-08-08",1643435922030
"2015-08-09",1750054197484
"2015-08-10",1956865975918
"2015-08-11",2183632589217
"2015-08-12",2250595189422
"2015-08-13",2459444869560
"2015-08-14",3177173581368
"2015-08-15",3672531177228
"2015-08-16",3895543533936
"2015-08-17",4217584667356
"2015-08-18",4512187916006
"2015-08-19",4530626868413
"2015-08-20",4618728853891
"2015-08-21",4558739688201
"2015-08-22",5180270554579
"2015-08-23",5239236238009
"2015-08-24",5296776366658
"2015-08-25",5421489327262
"2015-08-26",5841531232869
"2015-08-27",6085685216101
"2015-08-28",6434534947135
"2015-08-29",6805554877760
"2015-08-30",7017522914583
"2015-08-31",7521249567828
"2015-09-01",7786717013648
"2015-09-02",9393054101035
"2015-09-03",9471234260874
"2015-09-04",7097766235591
"2015-09-05",6389609539871
"2015-09-06",6449692931263
"2015-09-07",6467640831235
"2015-09-08",6286145245123
"2015-09-09",6343769562270
"2015-09-10",6443627160937
"2015-09-11",6830594932421
"2015-09-12",7036748140906
"2015-09-13",7128781506308
"2015-09-14",6980775151591
"2015-09-15",6631283662153
"2015-09-16",6283947773188
"2015-09-17",6228339766136
"2015-09-18",5869924698550
"2015-09-19",5846567476654
"2015-09-20",6592041529914
"2015-09-21",6747660216902
"2015-09-22",6843130772136
"2015-09-23",7181074713792
"2015-09-24",7194384929162
"2015-09-25",7178940050760
"2015-09-26",7332948442157
"2015-09-27",7407419236525
"2015-09-28",7090489214731
"2015-09-29",6405282550165
"2015-09-30",5796902753672
"2015-10-01",5972101023143
"2015-10-02",6224009768676
"2015-10-03",6466650323543
"2015-10-04",6345943504883
"2015-10-05",6428856045865
"2015-10-06",6460209731812
"2015-10-07",6112811516046
"2015-10-08",6180672914076
"2015-10-09",6268149741319
"2015-10-10",6286273603950
"2015-10-11",6290011899444
"2015-10-12",6302872595541
"2015-10-13",6469687654318
"2015-10-14",6631630155299
"2015-10-15",6520318134437
"2015-10-16",6151852915213
"2015-10-17",6124395131323
"2015-10-18",6140885090621
"2015-10-19",6075258590857
"2015-10-20",5968056693478
"2015-10-21",6002720568542
"2015-10-22",6028965863523
"2015-10-23",6222154678887
"2015-10-24",6450464601619
"2015-10-25",6724899648604
"2015-10-26",6701879902280
"2015-10-27",6867430230834
"2015-10-28",7050068737762
"2015-10-29",7212699565144
"2015-10-30",7722082416152
"2015-10-31",7940571478792
"2015-11-01",7936627088729
"2015-11-02",7851093789724
"2015-11-03",7651293249942
"2015-11-04",7963201694596
"2015-11-05",7727850058787
"2015-11-06",7848513973147
"2015-11-07",7875108903786
"2015-11-08",7928503331589
"2015-11-09",7907317781123
"2015-11-10",7965412153519
"2015-11-11",7909764352256
"2015-11-12",7933313879446
"2015-11-13",8099636827786
"2015-11-14",8143319942608
"2015-11-15",8506986854846
"2015-11-16",8548274918828
"2015-11-17",8542238305906
"2015-11-18",8747562160633
"2015-11-19",9118061882899
"2015-11-20",8806633595988
"2015-11-21",7752449765872
"2015-11-22",7654030732562
"2015-11-23",7742517760533
"2015-11-24",7771706552573
"2015-11-25",7733655810426
"2015-11-26",7713319192553
"2015-11-27",7682236839713
"2015-11-28",7838805497141
"2015-11-29",7889599370865
"2015-11-30",7931800766891
"2015-12-01",8001018132321
"2015-12-02",8010188450297
"2015-12-03",7813218330336
"2015-12-04",8140054214214
"2015-12-05",8311021576358
"2015-12-06",8210365526933
"2015-12-07",7883429759715
"2015-12-08",7834597686942
"2015-12-09",7553213864209
"2015-12-10",7957660869711
"2015-12-11",8298173133867
"2015-12-12",8252492624606
"2015-12-13",8801008068576
"2015-12-14",8863607605229
"2015-12-15",9020958556494
"2015-12-16",8776806985838
"2015-12-17",8940266048457
"2015-12-18",8933278521665
"2015-12-19",8932555618944
"2015-12-20",8716816035366
"2015-12-21",8661323459139
"2015-12-22",8907444146080
"2015-12-23",8719910629331
"2015-12-24",8820375388287
"2015-12-25",8780873105924
"2015-12-26",8680949878475
"2015-12-27",8818221661350
"2015-12-28",8820284590285
"2015-12-29",8781303082870
"2015-12-30",8719721613411
"2015-12-31",8783488389795
"2016-01-01",8730389156847
"2016-01-02",8412174153904
"2016-01-03",8483759947642
"2016-01-04",8504430782154
"2016-01-05",8566534549485
"2016-01-06",8760118744268
"2016-01-07",8601913110251
"2016-01-08",8631038891022
"2016-01-09",8571102654446
"2016-01-10",8532235956486
"2016-01-11",9180107160191
"2016-01-12",9164605726276
"2016-01-13",8830185106712
"2016-01-14",9082333379688
"2016-01-15",9310751993651
"2016-01-16",9391901135928
"2016-01-17",9269522588678
"2016-01-18",9888181592166
"2016-01-19",9815230833149
"2016-01-20",9600646121383
"2016-01-21",9747828460883
"2016-01-22",10173397489972
"2016-01-23",10354219015663
"2016-01-24",10752771698655
"2016-01-25",10746660430419
"2016-01-26",11053924674476
"2016-01-27",11012624316531
"2016-01-28",10779137950893
"2016-01-29",11165893361046
"2016-01-30",11038278488111
"2016-01-31",10962239907692
"2016-02-01",11155895525268
"2016-02-02",11077580959504
"2016-02-03",11333720740795
"2016-02-04",11505904080136
"2016-02-05",11481340301161
"2016-02-06",11291979028287
"2016-02-07",11495818266278
"2016-02-08",11782815589593
"2016-02-09",11623368328242
"2016-02-10",11925979467132
"2016-02-11",12328590910254
"2016-02-12",11999690359976
"2016-02-13",12610626126397
"2016-02-14",12734510150266
"2016-02-15",13193974643790
"2016-02-16",13135645645753
"2016-02-17",12991417385570
"2016-02-18",12519181680832
"2016-02-19",13086425976729
"2016-02-20",13111544180896
"2016-02-21",13426256999161
"2016-02-22",13863603033004
"2016-02-23",14031657451785
"2016-02-24",13887980739526
"2016-02-25",13844689228171
"2016-02-26",14659789926774
"2016-02-27",14754095386206
"2016-02-28",15193515602592
"2016-02-29",15233081069322
"2016-03-01",15029445475293
"2016-03-02",15473112517490
"2016-03-03",16190724237293
"2016-03-04",16491158873069
"2016-03-05",17340879631401
"2016-03-06",17742905902202
"2016-03-07",17749987075766
"2016-03-08",17783391777519
"2016-03-09",18311433041477
"2016-03-10",18821170967215
"2016-03-11",19255858706349
"2016-03-12",19993780163524
"2016-03-13",21185294278743
"2016-03-14",20978738430620
"2016-03-15",18508139977606
"2016-03-16",18148698393358
"2016-03-17",19165019963403
"2016-03-18",19302866769918
"2016-03-19",19174718354075
"2016-03-20",19770215133451
"2016-03-21",19757277592204
"2016-03-22",20399540698377
"2016-03-23",20058773600332
"2016-03-24",20585579626497
"2016-03-25",21515166300636
"2016-03-26",22498187657766
"2016-03-27",22926274864125
"2016-03-28",23092546988253
"2016-03-29",22935821512084
"2016-03-30",23433085944477
"2016-03-31",24946163858462
"2016-04-01",24904421577321
"2016-04-02",24733983831048
"2016-04-03",25167436729356
"2016-04-04",25893036373472
"2016-04-05",26189846561909
"2016-04-06",26579665522140
"2016-04-07",25913888258637
"2016-04-08",27847692712370
"2016-04-09",27827640690672
"2016-04-10",28121208080313
"2016-04-11",27715768934414
"2016-04-12",27479640485115
"2016-04-13",28115293437710
"2016-04-14",28275082639873
"2016-04-15",28964438518585
"2016-04-16",29564169886924
"2016-04-17",29902255888376
"2016-04-18",30392872517886
"2016-04-19",31567936265545
"2016-04-20",31052842456286
"2016-04-21",31625895108073
"2016-04-22",31499177262885
"2016-04-23",31678181671354
"2016-04-24",31484776887370
"2016-04-25",32945408663943
"2016-04-26",32516622261191
"2016-04-27",32509635444328
"2016-04-28",33199108296106
"2016-04-29",33214956050160
"2016-04-30",34930818579666
"2016-05-01",35347422219636
"2016-05-02",34668197451854
"2016-05-03",35254700983247
"2016-05-04",35459788739885
"2016-05-05",34862670605165
"2016-05-06",35011034838353
"2016-05-07",35619816270668
"2016-05-08",35340310296997
"2016-05-09",35616128660185
"2016-05-10",36388748643067
"2016-05-11",36699651866831
"2016-05-12",36876050366651
"2016-05-13",37982925318287
"2016-05-14",38111343145664
"2016-05-15",38688827065151
"2016-05-16",38484653064099
"2016-05-17",38232536938106
"2016-05-18",39454527890304
"2016-05-19",40682340259399
"2016-05-20",41140508148798
"2016-05-21",41672234401226
"2016-05-22",41575705581801
"2016-05-23",41386918738356
"2016-05-24",42001665095017
"2016-05-25",42549984482334
"2016-05-26",43353557051282
"2016-05-27",43086979220679
"2016-05-28",44204189454628
"2016-05-29",44785009140073
"2016-05-30",44497577511217
"2016-05-31",45722940202274
"2016-06-01",43190308571299
"2016-06-02",44951406801071
"2016-06-03",46455014840186
"2016-06-04",46260062224210
"2016-06-05",46208690504610
"2016-06-06",47284035031357
"2016-06-07",47250206759251
"2016-06-08",47459995075927
"2016-06-09",50050845634566
"2016-06-10",49363674799999
"2016-06-11",49161895151906
"2016-06-12",48535409048885
"2016-06-13",51383481082244
"2016-06-14",50891633856727
"2016-06-15",51058175639591
"2016-06-16",50833197514507
"2016-06-17",51819190760385
"2016-06-18",46817543759709
"2016-06-19",52497895258830
"2016-06-20",52573520528799
"2016-06-21",52251448533936
"2016-06-22",54523967417789
"2016-06-23",54999475556794
"2016-06-24",55093156433639
"2016-06-25",55039708029469
"2016-06-26",55980673730148
"2016-06-27",57523762704377
"2016-06-28",57249519300107
"2016-06-29",56434851083121
"2016-06-30",56799780139569
"2016-07-01",57634066156158
"2016-07-02",58376244111521
"2016-07-03",60083596817773
"2016-07-04",60699182315388
"2016-07-05",61623637162088
"2016-07-06",58713979544707
"2016-07-07",60182836362399
"2016-07-08",59246710823426
"2016-07-09",59879953465629
"2016-07-10",60581822289011
"2016-07-11",60955380172504
"2016-07-12",61183417485805
"2016-07-13",62554712921290
"2016-07-14",62022707499105
"2016-07-15",60989346066158
"2016-07-16",59791514712324
"2016-07-17",60607077073201
"2016-07-18",63648539202889
"2016-07-19",63086934103184
"2016-07-20",62627639064050
"2016-07-21",63264660220211
"2016-07-22",61905352081542
"2016-07-23",62486773565182
"2016-07-24",63553147323407
"2016-07-25",60207220613818
"2016-07-26",60320195628791
"2016-07-27",55562369940124
"2016-07-28",57786355741977
"2016-07-29",57842421696730
"2016-07-30",56210286706117
"2016-07-31",56242530861072
"2016-08-01",55932954537342
"2016-08-02",53351549429599
"2016-08-03",49940555377818
"2016-08-04",54268276413778
"2016-08-05",54733513798156
"2016-08-06",55371052618590
"2016-08-07",55668507051830
"2016-08-08",57107469602351
"2016-08-09",59593539166081
"2016-08-10",61274876188962
"2016-08-11",61523210712969
"2016-08-12",61232129618471
"2016-08-13",60951234870731
"2016-08-14",61144411089474
"2016-08-15",62476056102357
"2016-08-16",64415208326121
"2016-08-17",64184148627156
"2016-08-18",64252868269793
"2016-08-19",65576259173537
"2016-08-20",66077884353246
"2016-08-21",64969159696763
"2016-08-22",66653096217994
"2016-08-23",67798405741096
"2016-08-24",67129955764045
"2016-08-25",69263032348217
"2016-08-26",71612235773349
"2016-08-27",71069474324170
"2016-08-28",70789517295494
"2016-08-29",70772669870096
"2016-08-30",70268906007096
"2016-08-31",72400774971754
"2016-09-01",72675583297778
"2016-09-02",71935759534024
"2016-09-03",71795175298413
"2016-09-04",68083618349250
"2016-09-05",69606761270960
"2016-09-06",69461865856324
"2016-09-07",71122468046436
"2016-09-08",70581672725920
"2016-09-09",70309980275111
"2016-09-10",71459568084629
"2016-09-11",73374816572487
"2016-09-12",73454835647088
"2016-09-13",74025515808254
"2016-09-14",74785802638610
"2016-09-15",74672116177816
"2016-09-16",75055322468633
"2016-09-17",77458054523873
"2016-09-18",76711719492747
"2016-09-19",71459300020321
"2016-09-20",78357844805165
"2016-09-21",79963016968205
"2016-09-22",81703386716233
"2016-09-23",76604882762324
"2016-09-24",77505739132236
"2016-09-25",84267966357540
"2016-09-26",83806597207154
"2016-09-27",77847913270668
"2016-09-28",83712061368902
"2016-09-29",86438334626320
"2016-09-30",85885153886082
"2016-10-01",82700614764131
"2016-10-02",78733804951962
"2016-10-03",85738908251766
"2016-10-04",88518412968372
"2016-10-05",88707051844792
"2016-10-06",88570270413318
"2016-10-07",77301513091309
"2016-10-08",82265386395817
"2016-10-09",89052441706885
"2016-10-10",89514244711245
"2016-10-11",92248707323431
"2016-10-12",89107137518202
"2016-10-13",90888769199495
"2016-10-14",94745990425856
"2016-10-15",98056097545752
"2016-10-16",96960720591264
"2016-10-17",95355231849419
"2016-10-18",99307060922583
"2016-10-19",100497524555025
"2016-10-20",103438111999500
"2016-10-21",104771948351644
"2016-10-22",106210952217647
"2016-10-23",104441747364304
"2016-10-24",105873330612826
"2016-10-25",106937841485284
"2016-10-26",108263907441388
"2016-10-27",106682594149798
"2016-10-28",104736404858996
"2016-10-29",99372381156712
"2016-10-30",79736038415786
"2016-10-31",83834878286383
"2016-11-01",80031856915308
"2016-11-02",68337577242150
"2016-11-03",65201534618127
"2016-11-04",60682505144294
"2016-11-05",54999713378817
"2016-11-06",54198201388315
"2016-11-07",64939336145746
"2016-11-08",71889258213387
"2016-11-09",72797369321595
"2016-11-10",64902609525365
"2016-11-11",62070397451092
"2016-11-12",63911498864552
"2016-11-13",69097910460832
"2016-11-14",70025867908917
"2016-11-15",71307898984364
"2016-11-16",69896685705317
"2016-11-17",71780795662672
"2016-11-18",71247768662776
"2016-11-19",76040514787512
"2016-11-20",84343552560530
"2016-11-21",87102150637112
"2016-11-22",85957698311927
"2016-11-23",79810090424306
"2016-11-24",73829204859687
"2016-11-25",69649070716534
"2016-11-26",72614390700786
"2016-11-27",67401392854507
"2016-11-28",70832478879367
"2016-11-29",71712905859918
"2016-11-30",71759150627688
"2016-12-01",72457922526794
"2016-12-02",74153179667408
"2016-12-03",79263439010229
"2016-12-04",78657731690580
"2016-12-05",76564289500236
"2016-12-06",74315604904862
"2016-12-07",76321091564551
"2016-12-08",79530138130480
"2016-12-09",81435909658901
"2016-12-10",82881749343116
"2016-12-11",85726085199981
"2016-12-12",83729332710765
"2016-12-13",84636041061320
"2016-12-14",85120264190146
"2016-12-15",84416934787030
"2016-12-16",87762387371797
"2016-12-17",89452283614855
"2016-12-18",90888512364359
"2016-12-19",91097112646759
"2016-12-20",93570584266219
"2016-12-21",92445455140152
"2016-12-22",91639639625239
"2016-12-23",87023337013915
"2016-12-24",78686078455786
"2016-12-25",82597618235407
"2016-12-26",84688249495666
"2016-12-27",83242270258440
"2016-12-28",82241297648581
"2016-12-29",80288840207023
"2016-12-30",82195417767762
"2016-12-31",83664353379712
"2017-01-01",82689399562858
"2017-01-02",84241181964418
"2017-01-03",83283031850267
"2017-01-04",92857403120968
"2017-01-05",92775436648504
"2017-01-06",95282754957115
"2017-01-07",97031374246463
"2017-01-08",99030478594669
"2017-01-09",100275114836654
"2017-01-10",100985621101143
"2017-01-11",102580443089223
"2017-01-12",102954882556735
"2017-01-13",104814446350896
"2017-01-14",106587004660379
"2017-01-15",108605115607433
"2017-01-16",106504181425163
"2017-01-17",107321035758063
"2017-01-18",105271264738870
"2017-01-19",112425417482807
"2017-01-20",112088648619664
"2017-01-21",112383387169746
"2017-01-22",111142883193270
"2017-01-23",113874034151385
"2017-01-24",113631084604725
"2017-01-25",113021251345548
"2017-01-26",114029967695806
"2017-01-27",116812616787942
"2017-01-28",114745356164821
"2017-01-29",115720288837315
"2017-01-30",114479071787530
"2017-01-31",115910144570491
"2017-02-01",114958237851285
"2017-02-02",116810061722144
"2017-02-03",115703568233650
"2017-02-04",115719213596739
"2017-02-05",122122601124996
"2017-02-06",124148950397861
"2017-02-07",122825629842703
"2017-02-08",124551600645076
"2017-02-09",124924801560947
"2017-02-10",127871952112927
"2017-02-11",128497472365165
"2017-02-12",129653255855095
"2017-02-13",131832370695362
"2017-02-14",133182009262312
"2017-02-15",136054545246028
"2017-02-16",135622738979365
"2017-02-17",136489930428348
"2017-02-18",139233194177167
"2017-02-19",140688917424531
"2017-02-20",140097807975040
"2017-02-21",145400064458736
"2017-02-22",144365521592557
"2017-02-23",145315181125254
"2017-02-24",146136256313813
"2017-02-25",149327807208652
"2017-02-26",154162370038765
"2017-02-27",154178530964642
"2017-02-28",160568962971536
"2017-03-01",161349638812970
"2017-03-02",159340439332228
"2017-03-03",165012898995993
"2017-03-04",163110064264421
"2017-03-05",167684240211453
"2017-03-06",171849051830950
"2017-03-07",171992544478274
"2017-03-08",178677745521259
"2017-03-09",178982807018156
"2017-03-10",176717041407264
"2017-03-11",183369340071355
"2017-03-12",183517102076197
"2017-03-13",185620624283836
"2017-03-14",184887336357438
"2017-03-15",191026805079542
"2017-03-16",189265402104013
"2017-03-17",199230704771501
"2017-03-18",204033371615038
"2017-03-19",198103708475038
"2017-03-20",207081411835147
"2017-03-21",208543494881935
"2017-03-22",210443480408231
"2017-03-23",215273774762599
"2017-03-24",216704524511089
"2017-03-25",220513126008217
"2017-03-26",231205656586068
"2017-03-27",237842236794373
"2017-03-28",235811637881690
"2017-03-29",240075472873350
"2017-03-30",244139296355539
"2017-03-31",252618226718644
"2017-04-01",250176091416022
"2017-04-02",248295993340040
"2017-04-03",247079830797824
"2017-04-04",248305378705911
"2017-04-05",253600315591579
"2017-04-06",255026975834373
"2017-04-07",255909967566926
"2017-04-08",259272977570843
"2017-04-09",264693436817744
"2017-04-10",262572496941117
"2017-04-11",269125065577251
"2017-04-12",267152566301080
"2017-04-13",261871654952130
"2017-04-14",286835729027442
"2017-04-15",287242558199336
"2017-04-16",279564352687039
"2017-04-17",286056915711056
"2017-04-18",297836069246374
"2017-04-19",299629089177543
"2017-04-20",291168422599896
"2017-04-21",303635527812027
"2017-04-22",308784676302050
"2017-04-23",307830572197350
"2017-04-24",308300774357339
"2017-04-25",308404031171033
"2017-04-26",317763582072430
"2017-04-27",323221449883361
"2017-04-28",345110177587705
"2017-04-29",354948618497802
"2017-04-30",341783731876187
"2017-05-01",345512803409717
"2017-05-02",347325594510963
"2017-05-03",349063386114532
"2017-05-04",346304708690997
"2017-05-05",363343037838786
"2017-05-06",357320982672419
"2017-05-07",366996751115631
"2017-05-08",370125469784653
"2017-05-09",375528832368954
"2017-05-10",375663461206039
"2017-05-11",382473098864998
"2017-05-12",390493419711683
"2017-05-13",407156597143885
"2017-05-14",420061585120336
"2017-05-15",424303796495167
"2017-05-16",429475989352056
"2017-05-17",427317291335917
"2017-05-18",435293028289898
"2017-05-19",443190034220727
"2017-05-20",465078104005542
"2017-05-21",464953183402562
"2017-05-22",477251510944484
"2017-05-23",462661433418905
"2017-05-24",467348800891260
"2017-05-25",469939679198698
"2017-05-26",477670252002091
"2017-05-27",487084858085134
"2017-05-28",479449920878038
"2017-05-29",510326400412987
"2017-05-30",538189307989446
"2017-05-31",537282958043172
"2017-06-01",595132741134910
"2017-06-02",599750120633099
"2017-06-03",592281342675929
"2017-06-04",616471839030274
"2017-06-05",636994585927138
"2017-06-06",635085609396466
"2017-06-07",665681662778657
"2017-06-08",659871215480225
"2017-06-09",664935700485258
"2017-06-10",697959901749246
"2017-06-11",704410807748438
"2017-06-12",696745303555908
"2017-06-13",716873614062533
"2017-06-14",733326392391084
"2017-06-15",752268241718526
"2017-06-16",762463613149663
"2017-06-17",799502309408896
"2017-06-18",792866732897556
"2017-06-19",803044862077876
"2017-06-20",880271276941586
"2017-06-21",908104066728701
"2017-06-22",903656294271326
"2017-06-23",910459851500984
"2017-06-24",912805929314017
"2017-06-25",941432111255199
"2017-06-26",970128377899805
"2017-06-27",956698339912623
"2017-06-28",989977899299258
"2017-06-29",988511395641593
"2017-06-30",1010351255271368
"2017-07-01",1026143676256301
"2017-07-02",1057658666437801
"2017-07-03",1033320589275214
"2017-07-04",1069046653343866
"2017-07-05",1066578296308432
"2017-07-06",1087522702903385
"2017-07-07",1089516213912363
"2017-07-08",1100429739665317
"2017-07-09",1159704593974827
"2017-07-10",1241628562919421
"2017-07-11",1238748052106285
"2017-07-12",1241589061212811
"2017-07-13",1257028635394258
"2017-07-14",1221919816769476
"2017-07-15",1274963028595869
"2017-07-16",1292778817597943
"2017-07-17",1267064620260029
"2017-07-18",1267179687844009
"2017-07-19",1312203937525203
"2017-07-20",1339882582863740
"2017-07-21",1354666956568460
"2017-07-22",1337529432563311
"2017-07-23",1366408315247458
"2017-07-24",1382358369080518
"2017-07-25",1369262475198325
"2017-07-26",1380384635660429
"2017-07-27",1363688534117712
"2017-07-28",1374125234018714
"2017-07-29",1367663454708637
"2017-07-30",1404786988843894
"2017-07-31",1581114675129895
"2017-08-01",1711632265121351
"2017-08-02",1669200046602753
"2017-08-03",1661833058947568
"2017-08-04",1640623131451385
"2017-08-05",1637877564823113
"2017-08-06",1653078666620552
"2017-08-07",1686775291132226
"2017-08-08",1727293396980258
"2017-08-09",1718477469499629
"2017-08-10",1708734610167811
"2017-08-11",1710629487715242
"2017-08-12",1769438668444115
"2017-08-13",1762136028858809
"2017-08-14",1763023144757594
"2017-08-15",1786269844571509
"2017-08-16",1821681479153893
"2017-08-17",1807211090647414
"2017-08-18",1797277596164862
"2017-08-19",1869556102063484
"2017-08-20",1849670974114109
"2017-08-21",1875908876798037
"2017-08-22",1881986499532024
"2017-08-23",1887511576933613
"2017-08-24",2041132065488779
"2017-08-25",2260445131389098
"2017-08-26",2321637974625944
"2017-08-27",2239514389476797
"2017-08-28",2219132650030342
"2017-08-29",2277451061143478
"2017-08-30",2315264076587719
"2017-08-31",2323405126091741
"2017-09-01",2295765361008905
"2017-09-02",2334438574862943
"2017-09-03",2343915052908418
"2017-09-04",2303429255146344
"2017-09-05",2321132660942035
"2017-09-06",2345870088606280
"2017-09-07",2353674668613210
"2017-09-08",2434696683793591
"2017-09-09",2408943073306504
"2017-09-10",2401812032206647
"2017-09-11",2402455442908242
"2017-09-12",2460953107951105
"2017-09-13",2388572778817234
"2017-09-14",2399806478812383
"2017-09-15",2440693899972963
"2017-09-16",2433851922966171
"2017-09-17",2473883027077857
"2017-09-18",2499227366510931
"2017-09-19",2465666855342102
"2017-09-20",2447982366050867
"2017-09-21",2566249301420408
"2017-09-22",3119445906147786
"2017-09-23",3054656734447037
"2017-09-24",3094618014246854
"2017-09-25",3091183168659060
"2017-09-26",2987833077263118
"2017-09-27",3027728857004319
"2017-09-28",3021219190264026
"2017-09-29",2927617803353572
"2017-09-30",2896307056045043
"2017-10-01",2975634893089351
"2017-10-02",2982470595778074
"2017-10-03",2923490345326373
"2017-10-04",3046542032446207
"2017-10-05",3052975108224817
"2017-10-06",3081176818739735
"2017-10-07",2993665841931425
"2017-10-08",3019172020936245
"2017-10-09",3030140444393560
"2017-10-10",3095806921242346
"2017-10-11",3075095772573860
"2017-10-12",3097686879066690
"2017-10-13",3155085473721491
"2017-10-14",3023487281430468
"2017-10-15",3084951460660310
"2017-10-16",3043964542780713
"2017-10-17",1528815627932702
"2017-10-18",1443094229688743
"2017-10-19",1507981550482993
"2017-10-20",1495198765824628
"2017-10-21",1527445949468808
"2017-10-22",1521767068760680
"2017-10-23",1497887434371183
"2017-10-24",1551772423869471
"2017-10-25",1552847179446435
"2017-10-26",1486087728477496
"2017-10-27",1484523915909247
"2017-10-28",1510041438259042
"2017-10-29",1523030363847230
"2017-10-30",1491395974706769
"2017-10-31",1520766763028752
"2017-11-01",1552875429924861
"2017-11-02",1486198886662210
"2017-11-03",1454090460043058
"2017-11-04",1458060045837270
"2017-11-05",1479137041821101
"2017-11-06",1497306190581303
"2017-11-07",1458642456750358
"2017-11-08",1490979088326003
"2017-11-09",1471475615791882
"2017-11-10",1502282157468502
"2017-11-11",1505071921233106
"2017-11-12",1555278004848169
"2017-11-13",1496299595451086
"2017-11-14",1509011615188710
"2017-11-15",1471198184731342
"2017-11-16",1470354560667184
"2017-11-17",1449163239521615
"2017-11-18",1417309933539791
"2017-11-19",1456520198844282
"2017-11-20",1543244103818512
"2017-11-21",1521316065453229
"2017-11-22",1525329400772598
"2017-11-23",1561418148956014
"2017-11-24",1615221104379517
"2017-11-25",1603110450362310
"2017-11-26",1608262235436063
"2017-11-27",1585053118899251
"2017-11-28",1547871142506781
"2017-11-29",1597838689815847
"2017-11-30",1581219671649018
"2017-12-01",1598367371211174
"2017-12-02",1619985875089214
"2017-12-03",1561871882829315
"2017-12-04",1574417126638809
"2017-12-05",1535979472362314
"2017-12-06",1506499745375824
"2017-12-07",1580516896976244
"2017-12-08",1596115596377382
"2017-12-09",1618293031687557
"2017-12-10",1606875180587930
"2017-12-11",1636385116751318
"2017-12-12",1607513551132126
"2017-12-13",1666084192771248
"2017-12-14",1694767040502310
"2017-12-15",1817348862281566
"2017-12-16",1809151447713085
"2017-12-17",1814296354033413
"2017-12-18",1862359403999185
"2017-12-19",1784567959248772
"2017-12-20",1762433998267063
"2017-12-21",1784824447175369
"2017-12-22",1824985437567136
"2017-12-23",1896569253365650
"2017-12-24",1879560495292776
"2017-12-25",1897836627022611
"2017-12-26",1923305266547748
"2017-12-27",1913786719249496
"2017-12-28",1980198610132194
"2017-12-29",1917084103630474
"2017-12-30",1933018251284311
"2017-12-31",1967243184500317
"2018-01-01",2009233669703449
"2018-01-02",1996897911432582
"2018-01-03",1973169700207956
"2018-01-04",1979989764051555
"2018-01-05",1992431793710138
"2018-01-06",1954295871296231
"2018-01-07",2078992964889193
"2018-01-08",2071854418236164
"2018-01-09",2051862295664325
"2018-01-10",2091897638651467
"2018-01-11",2123562013292737
"2018-01-12",2177468752174605
"2018-01-13",2207944161955448
"2018-01-14",2297490772066175
"2018-01-15",2263346571937995
"2018-01-16",2286318596204406
"2018-01-17",2346448213744235
"2018-01-18",2335387773639191
"2018-01-19",2341951728308614
"2018-01-20",2507123176492786
"2018-01-21",2454020730444489
"2018-01-22",2455864935764083
"2018-01-23",2454293383276193
"2018-01-24",2550920751060219
"2018-01-25",2599996016319951
"2018-01-26",2571147093730297
"2018-01-27",2571687165433546
"2018-01-28",2625444502017238
"2018-01-29",2699006968793773
"2018-01-30",2747640197227571
"2018-01-31",2727337146136926
"2018-02-01",2737578988237232
"2018-02-02",2792496770034941
"2018-02-03",2873648548107542
"2018-02-04",2870691055012301
"2018-02-05",2878744845718877
"2018-02-06",2866761970873875
"2018-02-07",2904686927208214
"2018-02-08",2885556620532153
"2018-02-09",2982823179817893
"2018-02-10",3017186300289947
"2018-02-11",3066665790489372
"2018-02-12",3084966274360161
"2018-02-13",3045321997689690
"2018-02-14",3092719257338071
"2018-02-15",3010175558009619
"2018-02-16",3096811584797998
"2018-02-17",3091116940659127
"2018-02-18",3076147452623805
"2018-02-19",3046858080300979
"2018-02-20",2994432085079119
"2018-02-21",3033743531866931
"2018-02-22",3072317762216495
"2018-02-23",3140717574022124
"2018-02-24",3114629068220350
"2018-02-25",3219116359235946
"2018-02-26",3153927429990748
"2018-02-27",3104751767370970
"2018-02-28",3129968657096826
"2018-03-01",3193007694421545
"2018-03-02",3232364490601742
"2018-03-03",3297760385189392
"2018-03-04",3279843890803144
"2018-03-05",3251230074048534
"2018-03-06",3218977922139055
"2018-03-07",3283416512602902
"2018-03-08",3323235529232101
"2018-03-09",3236176817116093
"2018-03-10",3277696032032527
"2018-03-11",3267379065136556
"2018-03-12",3286260605476435
"2018-03-13",3260640777866867
"2018-03-14",3227738300949633
"2018-03-15",3265463763083559
"2018-03-16",3406828001270033
"2018-03-17",3387782247979365
"2018-03-18",3341299154565364
"2018-03-19",3388710290548223
"2018-03-20",3356892056409222
"2018-03-21",3368298030936863
"2018-03-22",3325031117444096
"2018-03-23",3440160102925826
"2018-03-24",3344117200818930
"2018-03-25",3364873486054505
"2018-03-26",3437747478721675
"2018-03-27",3378638102415015
"2018-03-28",3326506168694841
"2018-03-29",3301531972280116
"2018-03-30",3322344857154320
"2018-03-31",3323827474461886
"2018-04-01",3334647908839701
"2018-04-02",3287581456773855
"2018-04-03",3208715334283048
"2018-04-04",3280336285868088
"2018-04-05",3236743496207876
"2018-04-06",3358257930388463
"2018-04-07",3330673731526868
"2018-04-08",3265548297091593
"2018-04-09",3178954416634992
"2018-04-10",3248422977881644
"2018-04-11",3238123625184755
"2018-04-12",3208756485956390
"2018-04-13",3166683105374556
"2018-04-14",3209874801308179
"2018-04-15",3203421957235736
"2018-04-16",3221398510937188
"2018-04-17",3231128039558669
"2018-04-18",3228852093856778
"2018-04-19",3201518461834469
"2018-04-20",3237431995616822
"2018-04-21",3285196298612276
"2018-04-22",3245576547380662
"2018-04-23",3236609368699036
"2018-04-24",3277622879904309
"2018-04-25",3238239875953910
"2018-04-26",3334652769246624
"2018-04-27",3349329521710154
"2018-04-28",3271544016662640
"2018-04-29",3285744402037665
"2018-04-30",3284185880582569
"2018-05-01",3234295328768529
"2018-05-02",3234050940476985
"2018-05-03",3285842509697105
"2018-05-04",3310829328004914
"2018-05-05",3353826988613414
"2018-05-06",3411506945965168
"2018-05-07",3458351846273332
"2018-05-08",3472799969728103
"2018-05-09",3395758125226922
"2018-05-10",3353112686382790
"2018-05-11",3396626775492144
"2018-05-12",3460387496054665
"2018-05-13",3547842138156832
"2018-05-14",3405417482307579
"2018-05-15",3384508636911667
"2018-05-16",3397633462232964
"2018-05-17",3385324741704231
"2018-05-18",3351682493073541
"2018-05-19",3372103581063003
"2018-05-20",3386973607467629
"2018-05-21",3434721567381861
"2018-05-22",3434049669127164
"2018-05-23",3392900758432068
"2018-05-24",3382964821268242
"2018-05-25",3283461925741925
"2018-05-26",3418402229354334
"2018-05-27",3353728571041120
"2018-05-28",3317785570837938
"2018-05-29",3327495577385984
"2018-05-30",3279947267374788
"2018-05-31",3348618030334736
"2018-06-01",3270670939732509
"2018-06-02",3252547102743890
"2018-06-03",3289041593203727
"2018-06-04",3371667694379881
"2018-06-05",3324985424594341
"2018-06-06",3241873638486548
"2018-06-07",3229017291109038
"2018-06-08",3351927347444669
"2018-06-09",3428535500829635
"2018-06-10",3377492315531416
"2018-06-11",3417418004145574
"2018-06-12",3412472661186872
"2018-06-13",3402036006870345
"2018-06-14",3384323566673008
"2018-06-15",3326092557868102
"2018-06-16",3402332097820575
"2018-06-17",3387943801688722
"2018-06-18",3514242555802804
"2018-06-19",3547176162856618
"2018-06-20",3476523396989021
"2018-06-21",3573112150160515
"2018-06-22",3550705865150350
"2018-06-23",3569971245466922
"2018-06-24",3553667578423063
"2018-06-25",3581861225272053
"2018-06-26",3483211307674808
"2018-06-27",3589027479206975
"2018-06-28",3547109784776397
"2018-06-29",3467878570885353
"2018-06-30",3612901783595900
"2018-07-01",3512424309750597
"2018-07-02",3498351961960476
"2018-07-03",3528441939681607
"2018-07-04",3583870033054352
"2018-07-05",3669592238539864
"2018-07-06",3600489162750331
"2018-07-07",3627566370447679
"2018-07-08",3553589474407197
"2018-07-09",3631257845847987
"2018-07-10",3584028367056548
"2018-07-11",3465649389947360
"2018-07-12",3546229856054638
"2018-07-13",3583928960550909
"2018-07-14",3552262019788949
"2018-07-15",3508607592008393
"2018-07-16",3571815744150552
"2018-07-17",3603791969140292
"2018-07-18",3607228981836016
"2018-07-19",3542287449187335
"2018-07-20",3516125571483620
"2018-07-21",3314473357217204
"2018-07-22",3546793624636834
"2018-07-23",3649369132328638
"2018-07-24",3517826068222517
"2018-07-25",3597146863503973
"2018-07-26",3643759148954493
"2018-07-27",3621443059519578
"2018-07-28",3640084713956645
"2018-07-29",3648270269010339
"2018-07-30",3639029715039622
"2018-07-31",3670744766916581
"2018-08-01",3670171243994570
"2018-08-02",3632923397651149
"2018-08-03",3609225667967497
"2018-08-04",3702082275345224
"2018-08-05",3636735467325575
"2018-08-06",3674657730339906
"2018-08-07",3687893181858627
"2018-08-08",3705482298457671
"2018-08-09",3699432563262666
"2018-08-10",3694150060965273
"2018-08-11",3666493069796705
"2018-08-12",3650359271915053
"2018-08-13",3625046405962870
"2018-08-14",3654040531129115
"2018-08-15",3578865696123523
"2018-08-16",3521860031094659
"2018-08-17",3572170082446135
"2018-08-18",3520351867822530
"2018-08-19",3627538350972712
"2018-08-20",3627056690442057
"2018-08-21",3605446158398513
"2018-08-22",3674403298371430
"2018-08-23",3638841409882513
"2018-08-24",3585031463575789
"2018-08-25",3648999909363609
"2018-08-26",3702955506207103
"2018-08-27",3645078920071275
"2018-08-28",3586291847015574
"2018-08-29",3579300729479431
"2018-08-30",3559927683193421
"2018-08-31",3554975493143173
"2018-09-01",3546810290344339
"2018-09-02",3509684569172256
"2018-09-03",3511792328708762
"2018-09-04",3474212287407769
"2018-09-05",3563877984649904
"2018-09-06",3497815670765255
"2018-09-07",3516051672957678
"2018-09-08",3453200093687008
"2018-09-09",3348953274227839
"2018-09-10",3316717502278922
"2018-09-11",3365885334995822
"2018-09-12",3203449903820523
"2018-09-13",3127427703110096
"2018-09-14",3253457618699454
"2018-09-15",3239511289014274
"2018-09-16",3280954217688911
"2018-09-17",3218591630025033
"2018-09-18",3289501390750425
"2018-09-19",3295061693321204
"2018-09-20",3233715241149473
"2018-09-21",3366014197860233
"2018-09-22",3381703854142405
"2018-09-23",3380792556809826
"2018-09-24",3351816570691213
"2018-09-25",3296963041421632
"2018-09-26",3406531603791741
"2018-09-27",3384775972598284
"2018-09-28",3382316897436025
"2018-09-29",3355356270247563
"2018-09-30",3376531170349496
"2018-10-01",3316968307984014
"2018-10-02",3349573476003240
"2018-10-03",3346188052848558
"2018-10-04",3349370242666762
"2018-10-05",3371818293854994
"2018-10-06",3347255646235461
"2018-10-07",3350395226294640
"2018-10-08",3378305451215789
"2018-10-09",3405585906071665
"2018-10-10",3412635145432314
"2018-10-11",3330339098771366
"2018-10-12",3348509296781372
"2018-10-13",3335059481160542
"2018-10-14",3318316389173937
"2018-10-15",3286080385193192
"2018-10-16",3294640892502735
"2018-10-17",3258462567219649
"2018-10-18",3320224703998658
"2018-10-19",3304523889207794
"2018-10-20",3251311836937477
"2018-10-21",3236640945712906
"2018-10-22",3249644971289238
"2018-10-23",3215219023462193
"2018-10-24",3237847956385165
"2018-10-25",3241173041755612
"2018-10-26",3149470671724769
"2018-10-27",3199920975969673
"2018-10-28",3206239048152828
"2018-10-29",3215890848971613
"2018-10-30",3211410875034557
"2018-10-31",3220030715694180
"2018-11-01",3135351540954935
"2018-11-02",3112420516810653
"2018-11-03",3089933629231476
"2018-11-04",3137189066687625
"2018-11-05",3091028135949355
"2018-11-06",3099724967364983
"2018-11-07",3145643838543200
"2018-11-08",3129123320009273
"2018-11-09",3078448718244215
"2018-11-10",3095134452847415
"2018-11-11",3179177470581642
"2018-11-12",3106035969292278
"2018-11-13",3107768456401138
"2018-11-14",3160531248057104
"2018-11-15",3158231086243376
"2018-11-16",3197738354220464
"2018-11-17",3159562107118333
"2018-11-18",3114320449616662
"2018-11-19",3090250830265630
"2018-11-20",3028986251176640
"2018-11-21",2888624529678260
"2018-11-22",2892753544899722
"2018-11-23",2863560052915302
"2018-11-24",2833864322295875
"2018-11-25",2805684577855149
"2018-11-26",2782431742928324
"2018-11-27",2713876451761243
"2018-11-28",2461306810526782
"2018-11-29",2512941503554844
"2018-11-30",2576475034620935
"2018-12-01",2564803467407034
"2018-12-02",2502397812465179
"2018-12-03",2530023504195418
"2018-12-04",2561039193789203
"2018-12-05",2497736413932079
"2018-12-06",2500140436806929
"2018-12-07",2465835169303067
"2018-12-08",2387754957263387
"2018-12-09",2366451693229350
"2018-12-10",2471056913464547
"2018-12-11",2454416847110186
"2018-12-12",2340182060028966
"2018-12-13",2275077066340355
"2018-12-14",2309076103243840
"2018-12-15",2286798266582329
"2018-12-16",2282877615164540
"2018-12-17",2303043072918775
"2018-12-18",2322653863719400
"2018-12-19",2315402071490678
"2018-12-20",2319587210886542
"2018-12-21",2333179237806836
"2018-12-22",2361923127405894
"2018-12-23",2380772325687044
"2018-12-24",2521142990992723
"2018-12-25",2528794850370804
"2018-12-26",2632657570005016
"2018-12-27",2616203505275110
"2018-12-28",2536962870301580
"2018-12-29",2579518995156182
"2018-12-30",2610338098405989
"2018-12-31",2621695325703670
"2019-01-01",2583856188323630
"2019-01-02",2560135945177506
"2019-01-03",2700366483518227
"2019-01-04",2689531262779215
"2019-01-05",2789042465657877
"2019-01-06",2817081319676756
"2019-01-07",2828688043939377
"2019-01-08",2768230349584362
"2019-01-09",2765588120385323
"2019-01-10",2763480092312985
"2019-01-11",2778614997250583
"2019-01-12",2729853923699677
"2019-01-13",2692361166057581
"2019-01-14",2733087771412333
"2019-01-15",2783413981885741
"2019-01-16",2752755992944187
"2019-01-17",2671249755692078
"2019-01-18",2653928830482777
"2019-01-19",2773747750547734
"2019-01-20",2896730909066152
"2019-01-21",2923649671102293
"2019-01-22",2964492391870271
"2019-01-23",2918699969840277
"2019-01-24",2896859842391342
"2019-01-25",2929285751786535
"2019-01-26",2844688224877062
"2019-01-27",2810447410703238
"2019-01-28",2760964132069033
"2019-01-29",2504257078239965
"2019-01-30",2499287296194764
"2019-01-31",2580467455112232
"2019-02-01",2515124280716124
"2019-02-02",2478358300739987
"2019-02-03",2497480517800025
"2019-02-04",2450249140376745
"2019-02-05",2436217452480439
"2019-02-06",2439084548323609
"2019-02-07",2437218112291882
"2019-02-08",2451894534711512
"2019-02-09",2513647486914541
"2019-02-10",2981259386396234
"2019-02-11",2907069312311593
"2019-02-12",2937852629042269
"2019-02-13",2925937723156796
"2019-02-14",2880516393220976
"2019-02-15",2904653192681563
"2019-02-16",2900349074619411
"2019-02-17",2890862185005692
"2019-02-18",2941383910334877
"2019-02-19",3030480452961304
"2019-02-20",3043744764303040
"2019-02-21",3011271726662453
"2019-02-22",3015485919673760
"2019-02-23",3140925393718382
"2019-02-24",3108386501766941
"2019-02-25",3110952288204487
"2019-02-26",3110071075856101
"2019-02-27",3094945570952609
"2019-02-28",3083553560353291
"2019-03-01",2460195663906300
"2019-03-02",2008808259129997
"2019-03-03",1956979193895980
"2019-03-04",1939547928000041
"2019-03-05",1975026279662401
"2019-03-06",1975942873073502
"2019-03-07",1939476111715342
"2019-03-08",1989833505292016
"2019-03-09",1939601805929383
"2019-03-10",1973543508712415
"2019-03-11",1952202346068135
"2019-03-12",1928120141238389
"2019-03-13",1902248655277307
"2019-03-14",1933316464726668
"2019-03-15",1918145487010188
"2019-03-16",1959381188792756
"2019-03-17",1968098742376188
"2019-03-18",1934538439077690
"2019-03-19",1850653456179096
"2019-03-20",1917325602504781
"2019-03-21",1931317583238952
"2019-03-22",1906999857728267
"2019-03-23",1898220399945799
"2019-03-24",1908286745381693
"2019-03-25",1884478238876874
"2019-03-26",1861121646099433
"2019-03-27",1836822442664164
"2019-03-28",1825261225316520
"2019-03-29",1836370544209070
"2019-03-30",1802420805811123
"2019-03-31",1789889493402504
"2019-04-01",1888714668838421
"2019-04-02",1862187421144914
"2019-04-03",1844649945887014
"2019-04-04",1901516296944500
"2019-04-05",1889924413006673
"2019-04-06",1910801540462125
"2019-04-07",1872838828684241
"2019-04-08",1881646440049666
"2019-04-09",1897656574921389
"2019-04-10",1946070106410663
"2019-04-11",1946070114799271
"2019-04-12",1920500772730485
"2019-04-13",1970651046901847
"2019-04-14",2011253857459029
"2019-04-15",1972067259371319
"2019-04-16",1962604019668929
"2019-04-17",1930095581677804
"2019-04-18",1918441857733223
"2019-04-19",1943843715689519
"2019-04-20",1976469102192841
"2019-04-21",1932014498520062
"2019-04-22",1976612011005767
"2019-04-23",1964088457924331
"2019-04-24",1940170426974234
"2019-04-25",1918849593793081
"2019-04-26",1897940179544909
"2019-04-27",1959040892565743
"2019-04-28",1925923935345708
"2019-04-29",1946715034213450
"2019-04-30",1969741889091753
"2019-05-01",2011190328885766
"2019-05-02",1965530756709607
"2019-05-03",1948064307455117
"2019-05-04",2022594729628562
"2019-05-05",2021732282429574
"2019-05-06",2024516870580574
"2019-05-07",2015715691588994
"2019-05-08",1983378650300901
"2019-05-09",1995156537630440
"2019-05-10",1990207150242944
"2019-05-11",2000041689707269
"2019-05-12",2055830139151964
"2019-05-13",2037686575598724
"2019-05-14",2076470668987773
"2019-05-15",2091414620365327
"2019-05-16",2114677685968613
"2019-05-17",2194153886491958
"2019-05-18",2239197864920688
"2019-05-19",2209057978878843
"2019-05-20",2154638123958230
"2019-05-21",2119162347326041
"2019-05-22",2134662455655613
"2019-05-23",2108796677490890
"2019-05-24",2050786676770651
"2019-05-25",2102142564704765
"2019-05-26",2092371355397822
"2019-05-27",2131686080376942
"2019-05-28",2113073562330675
"2019-05-29",2204314508320239
"2019-05-30",2218080756062098
"2019-05-31",2167599141746163
"2019-06-01",2188051401589516
"2019-06-02",2220895180540854
"2019-06-03",2135721262657539
"2019-06-04",2146816063708259
"2019-06-05",2074338387210798
"2019-06-06",2198880199765931
"2019-06-07",2156762048650301
"2019-06-08",2145604838079667
"2019-06-09",2101955666432214
"2019-06-10",2108333858991141
"2019-06-11",2080238519239378
"2019-06-12",2081146412366514
"2019-06-13",2063853629251036
"2019-06-14",2052066479274209
"2019-06-15",2060850809022416
"2019-06-16",2056369595580810
"2019-06-17",2080557600425541
"2019-06-18",2098850522529103
"2019-06-19",2104965334027309
"2019-06-20",2087931917048863
"2019-06-21",2117967513612394
"2019-06-22",2083197312720056
"2019-06-23",2128706309194873
"2019-06-24",2121319983222045
"2019-06-25",2193153147314768
"2019-06-26",2269603524049322
"2019-06-27",2220749655914447
"2019-06-28",2203990979345750
"2019-06-29",2221079967836573
"2019-06-30",2281386239576754
"2019-07-01",2234203062908730
"2019-07-02",2278584588639335
"2019-07-03",2214583511482910
"2019-07-04",2193504554407278
"2019-07-05",2218502472566084
"2019-07-06",2246411491733984
"2019-07-07",2208390804647606
"2019-07-08",2210850279086443
"2019-07-09",2240330064020910
"2019-07-10",2254605901019063
"2019-07-11",2292377929769891
"2019-07-12",2338709565339664
"2019-07-13",2300192296213551
"2019-07-14",2320594846917119
"2019-07-15",2337698304494264
"2019-07-16",2280067789887526
"2019-07-17",2326245654882880
"2019-07-18",2310529533086092
"2019-07-19",2334313559861112
"2019-07-20",2278040608679220
"2019-07-21",2284742857391372
"2019-07-22",2228899386649034
"2019-07-23",2240789499710845
"2019-07-24",2286140822022525
"2019-07-25",2273263755723772
"2019-07-26",2246526702048460
"2019-07-27",2351252952854477
"2019-07-28",2298814604167897
"2019-07-29",2277646438742226
"2019-07-30",2302840775785659
"2019-07-31",2311930459490186
"2019-08-01",2265979215618504
"2019-08-02",2289140321971688
"2019-08-03",2288382133685662
"2019-08-04",2313280889931058
"2019-08-05",2362692752559300
"2019-08-06",2366560599758725
"2019-08-07",2379005615347862
"2019-08-08",2392911734010245
"2019-08-09",2389534328367373
"2019-08-10",2379013975336802
"2019-08-11",2387799722494500
"2019-08-12",2366409888234985
"2019-08-13",2384000093711083
"2019-08-14",2375352231052830
"2019-08-15",2417898584882880
"2019-08-16",2367146899293320
"2019-08-17",2433933548038340
"2019-08-18",2357718296803825
"2019-08-19",2364634964755996
"2019-08-20",2291525752614270
"2019-08-21",2300545161665313
"2019-08-22",2274708111473345
"2019-08-23",2302847171211306
"2019-08-24",2327164680561357
"2019-08-25",2268210127412763
"2019-08-26",2332759405327776
"2019-08-27",2219973250389653
"2019-08-28",2248143153806457
"2019-08-29",2349415485941172
"2019-08-30",2344902793998944
"2019-08-31",2327531769914909
"2019-09-01",2302628758626893
"2019-09-02",2321089166456300
"2019-09-03",2347086374561384
"2019-09-04",2297925178973175
"2019-09-05",2288332568749708
"2019-09-06",2306666926517386
"2019-09-07",2349583740527786
"2019-09-08",2380885949382549
"2019-09-09",2336541555711399
"2019-09-10",2315816950384296
"2019-09-11",2303983777222720
"2019-09-12",2434687027813758
"2019-09-13",2435135983803412
"2019-09-14",2409140418252911
"2019-09-15",2388530392412929
"2019-09-16",2465477637666358
"2019-09-17",2539054443836127
"2019-09-18",2521690416101416
"2019-09-19",2555544647610570
"2019-09-20",2549810827256291
"2019-09-21",2578473044401463
"2019-09-22",2512377336774552
"2019-09-23",2615386351670048
"2019-09-24",2600890799213295
"2019-09-25",2576490418415421
"2019-09-26",2580912532908022
"2019-09-27",2580319256499157
"2019-09-28",2536326195257329
"2019-09-29",2524273457473714
"2019-09-30",2541628064396726
"2019-10-01",2514690137375735
"2019-10-02",2534004261083407
"2019-10-03",2444927813935701
"2019-10-04",2453795211797830
"2019-10-05",2477214794560468
"2019-10-06",2491891649259592
"2019-10-07",2541649892246985
"2019-10-08",2471143189002404
"2019-10-09",2444455253384275
"2019-10-10",2504996893392452
"2019-10-11",2576813848040568
"2019-10-12",2527323546041527
"2019-10-13",2534483572528455
"2019-10-14",2503245054576864
"2019-10-15",2615949842825531
"2019-10-16",2615378941666459
"2019-10-17",2568895006154139
"2019-10-18",2485450966730488
"2019-10-19",2544827990302079
"2019-10-20",2561942544992392
"2019-10-21",2515813110441234
"2019-10-22",2483759724211051
"2019-10-23",2568634851331895
"2019-10-24",2540778812109790
"2019-10-25",2519092524031958
"2019-10-26",2529763124392719
"2019-10-27",2492696958033744
"2019-10-28",2522507413957567
"2019-10-29",2505478251844918
"2019-10-30",2510299058046594
"2019-10-31",2540543849018492
"2019-11-01",2586838615814493
"2019-11-02",2581484455642781
"2019-11-03",2556735238561330
"2019-11-04",2509138367158584
"2019-11-05",2521264965232035
"2019-11-06",2529477767514178
"2019-11-07",2519806920721879
"2019-11-08",2508310685796066
"2019-11-09",2564577328269792
"2019-11-10",2602216637092694
"2019-11-11",2607590831640636
"2019-11-12",2614685146701308
"2019-11-13",2628531481403285
"2019-11-14",2578648948826704
"2019-11-15",2587416038167564
"2019-11-16",2551463163119504
"2019-11-17",2621659930659949
"2019-11-18",2632013196979571
"2019-11-19",2548217541988104
"2019-11-20",2437377880240081
"2019-11-21",2544042295202764
"2019-11-22",2526995671081514
"2019-11-23",2529752138892972
"2019-11-24",2534791624287434
"2019-11-25",2604064773089109
"2019-11-26",2566465436284872
"2019-11-27",2637553960848948
"2019-11-28",2618842865463022
"2019-11-29",2639024820100192
"2019-11-30",2641743344328749
"2019-12-01",2609585704206377
"2019-12-02",2642838510035848
"2019-12-03",2714586480793184
"2019-12-04",2655179154872490
"2019-12-05",2572080206457739
"2019-12-06",2572110155396098
"2019-12-07",2613004365834998
"2019-12-08",2568941519190211
"2019-12-09",2566877517834809
"2019-12-10",2675375555259763
"2019-12-11",2672752779494252
"2019-12-12",2594831690499129
"2019-12-13",2836225573283930
"2019-12-14",2946495789131336
"2019-12-15",2931463004335803
"2019-12-16",2880903326361922
"2019-12-17",2803665093784477
"2019-12-18",2697403197032141
"2019-12-19",2669561993620465
"2019-12-20",2664095692669733
"2019-12-21",2670834577136030
"2019-12-22",2624505058092663
"2019-12-23",2640503848595149
"2019-12-24",2678599043352590
"2019-12-25",2625773710476926
"2019-12-26",2568451873058958
"2019-12-27",2576572390129063
"2019-12-28",2627385791305148
"2019-12-29",2650404849169062
"2019-12-30",2604975851605043
"2019-12-31",2605992351513147
"2020-01-01",2570401268627375
"2020-01-02",2564551268961122
"2020-01-03",2097816420703606
"2020-01-04",2162768947652891
"2020-01-05",2121645198179119
"2020-01-06",2104669593501847
"2020-01-07",2145767675768131
"2020-01-08",2127137269437904
"2020-01-09",2068929918745443
"2020-01-10",2132387801789654
"2020-01-11",2136397344104483
"2020-01-12",2117124816129622
"2020-01-13",2136077253608767
"2020-01-14",2135148113124229
"2020-01-15",2171843097368946
"2020-01-16",2148434380259291
"2020-01-17",2134666091307225
"2020-01-18",2158829715568317
"2020-01-19",2165284505538276
"2020-01-20",2156519693888073
"2020-01-21",2171987943124018
"2020-01-22",2174029137068689
"2020-01-23",2131123721502626
"2020-01-24",2186299225786945
"2020-01-25",2160342242425310
"2020-01-26",2125589986282540
"2020-01-27",2139971869984729
"2020-01-28",2109340799514942
"2020-01-29",2178506284112938
"2020-01-30",2141121417832930
"2020-01-31",2140144866107430
"2020-02-01",2102718424675353
"2020-02-02",2183312192472266
"2020-02-03",2141396391963004
"2020-02-04",2169566282742840
"2020-02-05",2178954344663587
"2020-02-06",2175390898210014
"2020-02-07",2204491242908101
"2020-02-08",2198943370991783
"2020-02-09",2174242146219009
"2020-02-10",2196120644005178
"2020-02-11",2224486473089336
"2020-02-12",2229736811453813
"2020-02-13",2256919545315256
"2020-02-14",2253605367647667
"2020-02-15",2279137935779391
"2020-02-16",2325333697504176
"2020-02-17",2292446086336983
"2020-02-18",2302977806035364
"2020-02-19",2369783403631876
"2020-02-20",2344033782322021
"2020-02-21",2337042449700074
"2020-02-22",2346194061312284
"2020-02-23",2354641517811227
"2020-02-24",2367723310189157
"2020-02-25",2327140383074043
"2020-02-26",2317705883526697
"2020-02-27",2431843896393937
"2020-02-28",2350680459294158
"2020-02-29",2368075074633135
"2020-03-01",2383491090297565
"2020-03-02",2374768984493190
"2020-03-03",2315814222250256
"2020-03-04",2353425926578292
"2020-03-05",2395639999732935
"2020-03-06",2286265316289033
"2020-03-07",2323393038716004
"2020-03-08",2383474964433374
"2020-03-09",2388278532902908
"2020-03-10",2346884020717093
"2020-03-11",2339316411014670
"2020-03-12",2380379876888586
"2020-03-13",2351893424223756
"2020-03-14",2245099761822145
"2020-03-15",2247670452827575
"2020-03-16",2301829942825354
"2020-03-17",2213396773365073
"2020-03-18",2233021833541775
"2020-03-19",2249140611651469
"2020-03-20",2273950405299000
"2020-03-21",2303685568091116
"2020-03-22",2286667443166066
"2020-03-23",2278776399947364
"2020-03-24",2331980716209852
"2020-03-25",2252861002143426
"2020-03-26",2334694401532397
"2020-03-27",2253019406376731
"2020-03-28",2284015408562682
"2020-03-29",2304074361859041
"2020-03-30",2319501690333373
"2020-03-31",2285339286776694
"2020-04-01",2255903271771096
"2020-04-02",2339292292402581
"2020-04-03",2301397339917233
"2020-04-04",2244188292484065
"2020-04-05",2289881706381106
"2020-04-06",2199574038029724
"2020-04-07",2271825895864852
"2020-04-08",2300250829820199
"2020-04-09",2275222183608794
"2020-04-10",2310619405495557
"2020-04-11",2260749031522293
"2020-04-12",2304975009220572
"2020-04-13",2305762829907028
"2020-04-14",2347284615967438
"2020-04-15",2308468311649788
"2020-04-16",2333093318699697
"2020-04-17",2322959935031685
"2020-04-18",2343922405801741
"2020-04-19",2281061898543130
"2020-04-20",2271475407252265
"2020-04-21",2283415407036780
"2020-04-22",2264079127221048
"2020-04-23",2379624873990432
"2020-04-24",2268850700064706
"2020-04-25",2278249707551806
"2020-04-26",2283846342912180
"2020-04-27",2224674919597452
"2020-04-28",2250207140633207
"2020-04-29",2326898551917557
"2020-04-30",2367539892778940
"2020-05-01",2426436078964682
"2020-05-02",2415332160914340
"2020-05-03",2380237218100680
"2020-05-04",2421440957077930
"2020-05-05",2431159973466525
"2020-05-06",2386686780455768
"2020-05-07",2300665878727329
"2020-05-08",2349031790184241
"2020-05-09",2365560212423389
"2020-05-10",2310006335451340
"2020-05-11",2335663977909367
"2020-05-12",2348170700073299
"2020-05-13",2321303038772182
"2020-05-14",2389697478239936
"2020-05-15",2397385802828240
"2020-05-16",2335596804531730
"2020-05-17",2435040943878003
"2020-05-18",2323595378432758
"2020-05-19",2316042229413405
"2020-05-20",2368785527152171
"2020-05-21",2327629469835221
"2020-05-22",2370131046699142
"2020-05-23",2399642307878216
"2020-05-24",2396340570998272
"2020-05-25",2337906090002061
"2020-05-26",2304856109567391
"2020-05-27",2371007386951577
"2020-05-28",2347790292162048
"2020-05-29",2331797081414839
"2020-05-30",2355540529707334
"2020-05-31",2399416152305281
"2020-06-01",2377049782020787
"2020-06-02",2409767592074308
"2020-06-03",2446688956338933
"2020-06-04",2442334396428680
"2020-06-05",2410500806141725
"2020-06-06",2458555707728451
"2020-06-07",2443597666826132
"2020-06-08",2435178434632167
"2020-06-09",2372282687725891
"2020-06-10",2363968910372725
"2020-06-11",2366539596971466
"2020-06-12",2364742297191323
"2020-06-13",2351330732625463
"2020-06-14",2372403197075327
"2020-06-15",2421416347266821
"2020-06-16",2448102239002557
"2020-06-17",2376302991022716
"2020-06-18",2364050124124620
"2020-06-19",2399716631952896
"2020-06-20",2425801453741566
"2020-06-21",2413951789499068
"2020-06-22",2411512680547679
"2020-06-23",2418501492661018
"2020-06-24",2459413628898412
"2020-06-25",2500957765324357
"2020-06-26",2485019148501943
"2020-06-27",2486742457883771
"2020-06-28",2439727861235539
"2020-06-29",2489490713349600
"2020-06-30",2479687874099372
"2020-07-01",2482969365662721
"2020-07-02",2447860850112410
"2020-07-03",2459975088459319
"2020-07-04",2469654606805251
"2020-07-05",2452980438042997
"2020-07-06",2499699634072138
"2020-07-07",2450300747264457
"2020-07-08",2510797772150675
"2020-07-09",2480414194530412
"2020-07-10",2478087565030564
"2020-07-11",2466923944059789
"2020-07-12",2493704474349030
"2020-07-13",2508368528350872
"2020-07-14",2498278514615688
"2020-07-15",2447650082019399
"2020-07-16",2490077720310259
"2020-07-17",2446662065822566
"2020-07-18",2476459864511175
"2020-07-19",2514411281022245
"2020-07-20",2446193956960790
"2020-07-21",2396561704837133
"2020-07-22",2366138365100577
"2020-07-23",2443550903302859
"2020-07-24",2538153603615189
"2020-07-25",2520817608618493
"2020-07-26",2525552056400689
"2020-07-27",2514723311735660
"2020-07-28",2591486263228493
"2020-07-29",2614528340586712
"2020-07-30",2633941222225365
"2020-07-31",2498595762988685
"2020-08-01",2582436451095102
"2020-08-02",2621382425172199
"2020-08-03",2497069683512512
"2020-08-04",2540989940792400
"2020-08-05",2530283813000137
"2020-08-06",2577911409458896
"2020-08-07",2603699543434182
"2020-08-08",2615530982312723
"2020-08-09",2702000161462931
"2020-08-10",2635179986095239
"2020-08-11",2617181014212234
"2020-08-12",2644728284401293
"2020-08-13",2659061631737772
"2020-08-14",2781804382967675
"2020-08-15",2823094122893774
"2020-08-16",2739904777410874
"2020-08-17",2687719047033823
"2020-08-18",2617648419116649
"2020-08-19",2674263296785649
"2020-08-20",2761791699075118
"2020-08-21",2807723040245311
"2020-08-22",2788236820761451
"2020-08-23",2820918356971417
"2020-08-24",2866657716674634
"2020-08-25",2863427161294115
"2020-08-26",2886222569805479
"2020-08-27",2840844467686183
"2020-08-28",2865271093426300
"2020-08-29",2785331755996534
"2020-08-30",2837834223984569
"2020-08-31",2917123445083517
"2020-09-01",2967224819183699
"2020-09-02",2966288378812946
"2020-09-03",2974827826440507
"2020-09-04",3010412953278566
"2020-09-05",3073682164544391
"2020-09-06",3180954987024867
"2020-09-07",3162256264659268
"2020-09-08",3115872779548110
"2020-09-09",3107562014917186
"2020-09-10",3070285329377045
"2020-09-11",3145796663149504
"2020-09-12",3216235983948366
"2020-09-13",3186521215260065
"2020-09-14",3186997853825589
"2020-09-15",3196129129549607
"2020-09-16",3157443767529088
"2020-09-17",3376134991055941
"2020-09-18",3300385129460308
"2020-09-19",3225514235886400
"2020-09-20",3248242808302132
"2020-09-21",3382230247021693
"2020-09-22",3320947007305615
"2020-09-23",3348897468579908
"2020-09-24",3219844632461116
"2020-09-25",3215406233123806
"2020-09-26",3348963483594467
"2020-09-27",3362764554942345
"2020-09-28",3359577600499997
"2020-09-29",3355474876401251
"2020-09-30",3394263515335909
"2020-10-01",3397275019850658
"2020-10-02",3349827491488048
"2020-10-03",3314184472413890
"2020-10-04",3386418209277470
"2020-10-05",3402397198749533
"2020-10-06",3525341151683369
"2020-10-07",3523581924252876
"2020-10-08",3389602397908496
"2020-10-09",3439692755928559
"2020-10-10",3518881043848160
"2020-10-11",3417282699198675
"2020-10-12",3383918961177927
"2020-10-13",3421740372399530
"2020-10-14",3403254863879692